bin_m,mean_Se_eV_per_A,dE_keV_total,npts
2.5000,2.351479e-05,1.047150e+06,5233
7.5000,2.352571e-05,1.157710e+06,3872
12.5000,2.353142e-05,1.171810e+06,3903
17.5000,2.353718e-05,1.170290e+06,3905
22.5000,2.354291e-05,1.164070e+06,3901
27.5000,2.354859e-05,1.168330e+06,3911
32.5000,2.355426e-05,1.149940e+06,3927
37.5000,2.355992e-05,1.164600e+06,3919
42.5000,2.356573e-05,1.186350e+06,3932
47.5000,2.357149e-05,1.173030e+06,3947
52.5000,2.357722e-05,1.182400e+06,3950
57.5000,2.358297e-05,1.167730e+06,3936
62.5000,2.358877e-05,1.176080e+06,3951
67.5000,2.359456e-05,1.182440e+06,3946
72.5000,2.360038e-05,1.190380e+06,3948
77.5000,2.360623e-05,1.188740e+06,3957
82.5000,2.361198e-05,1.151910e+06,3958
87.5000,2.361792e-05,1.189730e+06,3967
92.5000,2.362396e-05,1.190140e+06,3971
97.5000,2.363004e-05,1.196210e+06,3980
102.5000,2.363618e-05,1.174280e+06,3976
107.5000,2.364233e-05,1.203690e+06,3987
112.5000,2.364846e-05,1.180220e+06,3989
117.5000,2.365463e-05,1.183700e+06,3995
122.5000,2.366070e-05,1.167510e+06,4003
127.5000,2.366679e-05,1.207750e+06,4006
132.5000,2.367303e-05,1.180710e+06,4015
137.5000,2.367917e-05,1.183840e+06,4022
142.5000,2.368534e-05,1.194370e+06,4029
147.5000,2.369143e-05,1.180060e+06,4028
152.5000,2.369757e-05,1.191770e+06,4033
157.5000,2.370376e-05,1.187150e+06,4041
162.5000,2.370992e-05,1.171560e+06,4042
167.5000,2.371609e-05,1.186810e+06,4048
172.5000,2.372241e-05,1.193600e+06,4045
177.5000,2.372883e-05,1.194520e+06,4049
182.5000,2.373531e-05,1.200040e+06,4062
187.5000,2.374168e-05,1.168100e+06,4061
192.5000,2.374812e-05,1.201580e+06,4067
197.5000,2.375465e-05,1.180940e+06,4059
202.5000,2.376115e-05,1.184050e+06,4068
207.5000,2.376764e-05,1.197420e+06,4076
212.5000,2.377423e-05,1.218710e+06,4100
217.5000,2.378090e-05,1.196090e+06,4093
222.5000,2.378741e-05,1.205320e+06,4128
227.5000,2.379405e-05,1.221090e+06,4102
232.5000,2.380067e-05,1.188100e+06,4103
237.5000,2.380706e-05,1.193580e+06,4119
242.5000,2.381375e-05,1.183770e+06,4114
247.5000,2.382031e-05,1.199800e+06,4119
252.5000,2.382703e-05,1.198250e+06,4116
257.5000,2.383381e-05,1.216320e+06,4138
262.5000,2.384062e-05,1.218620e+06,4161
267.5000,2.384753e-05,1.194110e+06,4141
272.5000,2.385450e-05,1.212420e+06,4155
277.5000,2.386126e-05,1.195170e+06,4155
282.5000,2.386834e-05,1.213390e+06,4148
287.5000,2.387524e-05,1.175550e+06,4164
292.5000,2.388208e-05,1.200340e+06,4177
297.5000,2.388896e-05,1.217340e+06,4185
302.5000,2.389590e-05,1.191050e+06,4165
307.5000,2.390271e-05,1.158650e+06,4186
312.5000,2.390963e-05,1.206280e+06,4205
317.5000,2.391658e-05,1.208290e+06,4192
322.5000,2.392361e-05,1.221060e+06,4201
327.5000,2.393077e-05,1.234020e+06,4197
332.5000,2.393804e-05,1.197690e+06,4233
337.5000,2.394512e-05,1.207740e+06,4212
342.5000,2.395221e-05,1.169440e+06,4218
347.5000,2.395917e-05,1.171880e+06,4227
352.5000,2.396637e-05,1.215970e+06,4246
357.5000,2.397364e-05,1.191250e+06,4244
362.5000,2.398099e-05,1.191270e+06,4234
367.5000,2.398802e-05,1.188630e+06,4252
372.5000,2.399543e-05,1.204800e+06,4258
377.5000,2.400283e-05,1.212230e+06,4272
382.5000,2.400991e-05,1.180050e+06,4241
387.5000,2.401729e-05,1.214820e+06,4287
392.5000,2.402489e-05,1.225660e+06,4288
397.5000,2.403215e-05,1.192670e+06,4274
402.5000,2.403948e-05,1.196070e+06,4289
407.5000,2.404696e-05,1.201830e+06,4297
412.5000,2.405448e-05,1.217510e+06,4309
417.5000,2.406192e-05,1.192240e+06,4276
422.5000,2.406961e-05,1.206280e+06,4326
427.5000,2.407723e-05,1.203510e+06,4328
432.5000,2.408452e-05,1.181290e+06,4298
437.5000,2.409267e-05,1.217070e+06,4357
442.5000,2.410004e-05,1.187160e+06,4320
447.5000,2.410765e-05,1.203550e+06,4330
452.5000,2.411549e-05,1.192930e+06,4367
457.5000,2.412306e-05,1.229750e+06,4333
462.5000,2.413101e-05,1.210250e+06,4351
467.5000,2.413906e-05,1.233700e+06,4387
472.5000,2.414665e-05,1.173860e+06,4341
477.5000,2.415446e-05,1.208510e+06,4408
482.5000,2.416213e-05,1.204210e+06,4349
487.5000,2.417019e-05,1.215340e+06,4378
492.5000,2.417803e-05,1.191000e+06,4414
497.5000,2.418589e-05,1.200670e+06,4375
502.5000,2.419420e-05,1.204730e+06,4418
507.5000,2.420201e-05,1.215700e+06,4414
512.5000,2.421017e-05,1.224830e+06,4400
517.5000,2.421848e-05,1.197260e+06,4441
522.5000,2.422625e-05,1.194530e+06,4405
527.5000,2.423474e-05,1.249800e+06,4452
532.5000,2.424290e-05,1.198920e+06,4413
537.5000,2.425113e-05,1.227760e+06,4462
542.5000,2.425944e-05,1.211620e+06,4433
547.5000,2.426758e-05,1.205480e+06,4455
552.5000,2.427608e-05,1.229400e+06,4465
557.5000,2.428429e-05,1.220110e+06,4469
562.5000,2.429273e-05,1.215150e+06,4485
567.5000,2.430136e-05,1.226790e+06,4463
572.5000,2.430962e-05,1.217330e+06,4514
577.5000,2.431842e-05,1.210650e+06,4460
582.5000,2.432664e-05,1.214570e+06,4537
587.5000,2.433540e-05,1.204450e+06,4475
592.5000,2.434363e-05,1.214440e+06,4542
597.5000,2.435262e-05,1.225340e+06,4488
602.5000,2.436106e-05,1.237230e+06,4556
607.5000,2.437010e-05,1.218750e+06,4497
612.5000,2.437867e-05,1.230260e+06,4564
617.5000,2.438760e-05,1.235790e+06,4525
622.5000,2.439639e-05,1.231790e+06,4557
627.5000,2.440530e-05,1.223110e+06,4544
632.5000,2.441418e-05,1.216230e+06,4558
637.5000,2.442280e-05,1.214600e+06,4583
642.5000,2.443192e-05,1.218100e+06,4572
647.5000,2.444078e-05,1.231330e+06,4596
652.5000,2.444982e-05,1.198490e+06,4559
657.5000,2.445868e-05,1.224100e+06,4613
662.5000,2.446796e-05,1.226410e+06,4595
667.5000,2.447695e-05,1.210330e+06,4597
672.5000,2.448603e-05,1.244080e+06,4625
677.5000,2.449539e-05,1.207510e+06,4613
682.5000,2.450425e-05,1.238630e+06,4639
687.5000,2.451374e-05,1.195540e+06,4623
692.5000,2.452265e-05,1.217280e+06,4634
697.5000,2.453180e-05,1.200700e+06,4644
702.5000,2.454103e-05,1.215660e+06,4662
707.5000,2.455046e-05,1.234750e+06,4658
712.5000,2.455981e-05,1.229060e+06,4664
717.5000,2.456942e-05,1.223050e+06,4684
722.5000,2.457896e-05,1.223060e+06,4683
727.5000,2.458833e-05,1.235770e+06,4664
732.5000,2.459820e-05,1.224290e+06,4689
737.5000,2.460771e-05,1.236320e+06,4704
742.5000,2.461721e-05,1.229580e+06,4715
747.5000,2.462732e-05,1.242400e+06,4706
752.5000,2.463679e-05,1.207740e+06,4711
757.5000,2.464652e-05,1.263170e+06,4748
762.5000,2.465653e-05,1.232190e+06,4717
767.5000,2.466637e-05,1.251000e+06,4746
772.5000,2.467616e-05,1.212140e+06,4742
777.5000,2.468606e-05,1.235370e+06,4769
782.5000,2.469626e-05,1.232640e+06,4744
787.5000,2.470586e-05,1.236900e+06,4773
792.5000,2.471635e-05,1.252800e+06,4782
797.5000,2.472675e-05,1.238250e+06,4782
802.5000,2.473667e-05,1.255750e+06,4785
807.5000,2.474695e-05,1.242380e+06,4801
812.5000,2.475751e-05,1.239000e+06,4804
817.5000,2.476760e-05,1.265780e+06,4808
822.5000,2.477814e-05,1.248860e+06,4824
827.5000,2.478854e-05,1.249320e+06,4836
832.5000,2.479900e-05,1.226900e+06,4824
837.5000,2.480922e-05,1.216340e+06,4827
842.5000,2.481955e-05,1.239180e+06,4848
847.5000,2.483008e-05,1.248010e+06,4875
852.5000,2.484103e-05,1.265290e+06,4863
857.5000,2.485160e-05,1.237110e+06,4857
862.5000,2.486219e-05,1.236110e+06,4882
867.5000,2.487309e-05,1.268580e+06,4887
872.5000,2.488396e-05,1.230830e+06,4897
877.5000,2.489447e-05,1.241300e+06,4902
882.5000,2.490536e-05,1.231060e+06,4886
887.5000,2.491600e-05,1.243300e+06,4934
892.5000,2.492716e-05,1.252800e+06,4916
897.5000,2.493802e-05,1.237170e+06,4928
902.5000,2.494910e-05,1.245490e+06,4932
907.5000,2.496011e-05,1.241160e+06,4931
912.5000,2.497123e-05,1.262050e+06,4961
917.5000,2.498234e-05,1.244490e+06,4976
922.5000,2.499377e-05,1.260330e+06,4967
927.5000,2.500509e-05,1.249210e+06,4970
932.5000,2.501615e-05,1.224070e+06,4982
937.5000,2.502765e-05,1.268030e+06,4994
942.5000,2.503893e-05,1.242710e+06,5005
947.5000,2.505026e-05,1.235270e+06,5002
952.5000,2.506160e-05,1.241700e+06,5016
957.5000,2.507335e-05,1.242300e+06,5018
962.5000,2.508460e-05,1.243930e+06,5033
967.5000,2.509634e-05,1.264270e+06,5036
972.5000,2.510842e-05,1.278110e+06,5050
977.5000,2.512012e-05,1.246490e+06,5053
982.5000,2.513192e-05,1.265310e+06,5080
987.5000,2.514393e-05,1.251260e+06,5071
992.5000,2.515549e-05,1.251900e+06,5063
997.5000,2.516762e-05,1.268050e+06,5094
1002.5000,2.517965e-05,1.251260e+06,5046
1007.5000,2.519165e-05,1.263980e+06,5108
1012.5000,2.520416e-05,1.268190e+06,5117
1017.5000,2.521619e-05,1.257130e+06,5113
1022.5000,2.522853e-05,1.273650e+06,5145
1027.5000,2.524081e-05,1.240710e+06,5124
1032.5000,2.525258e-05,1.251620e+06,5124
1037.5000,2.526545e-05,1.284100e+06,5162
1042.5000,2.527820e-05,1.262110e+06,5177
1047.5000,2.529080e-05,1.279470e+06,5185
1052.5000,2.530295e-05,1.265030e+06,5156
1057.5000,2.531596e-05,1.258030e+06,5182
1062.5000,2.532868e-05,1.278440e+06,5202
1067.5000,2.534148e-05,1.287160e+06,5221
1072.5000,2.535385e-05,1.257730e+06,5192
1077.5000,2.536727e-05,1.277890e+06,5232
1082.5000,2.538051e-05,1.283770e+06,5221
1087.5000,2.539298e-05,1.241730e+06,5234
1092.5000,2.540611e-05,1.277450e+06,5261
1097.5000,2.541915e-05,1.278100e+06,5263
1102.5000,2.543258e-05,1.285150e+06,5273
1107.5000,2.544582e-05,1.256650e+06,5255
1112.5000,2.545893e-05,1.262480e+06,5300
1117.5000,2.547180e-05,1.249230e+06,5303
1122.5000,2.548545e-05,1.291470e+06,5295
1127.5000,2.549918e-05,1.272460e+06,5290
1132.5000,2.551244e-05,1.282610e+06,5327
1137.5000,2.552598e-05,1.271600e+06,5333
1142.5000,2.554008e-05,1.269640e+06,5352
1147.5000,2.555316e-05,1.255740e+06,5322
1152.5000,2.556674e-05,1.258480e+06,5370
1157.5000,2.558048e-05,1.279370e+06,5373
1162.5000,2.559490e-05,1.290650e+06,5354
1167.5000,2.560860e-05,1.295670e+06,5392
1172.5000,2.562283e-05,1.274020e+06,5400
1177.5000,2.563716e-05,1.315790e+06,5408
1182.5000,2.565153e-05,1.274990e+06,5413
1187.5000,2.566545e-05,1.267350e+06,5414
1192.5000,2.567997e-05,1.279180e+06,5440
1197.5000,2.569387e-05,1.293510e+06,5449
1202.5000,2.570903e-05,1.286890e+06,5441
1207.5000,2.572333e-05,1.309420e+06,5460
1212.5000,2.573781e-05,1.284530e+06,5467
1217.5000,2.575308e-05,1.284920e+06,5474
1222.5000,2.576739e-05,1.300990e+06,5492
1227.5000,2.578253e-05,1.295430e+06,5506
1232.5000,2.579743e-05,1.302140e+06,5504
1237.5000,2.581240e-05,1.316380e+06,5520
1242.5000,2.582756e-05,1.263920e+06,5533
1247.5000,2.584260e-05,1.275090e+06,5541
1252.5000,2.585751e-05,1.293870e+06,5560
1257.5000,2.587268e-05,1.281680e+06,5527
1262.5000,2.588818e-05,1.295430e+06,5594
1267.5000,2.590323e-05,1.298610e+06,5581
1272.5000,2.591878e-05,1.301520e+06,5574
1277.5000,2.593440e-05,1.286210e+06,5610
1282.5000,2.594994e-05,1.291130e+06,5590
1287.5000,2.596574e-05,1.303130e+06,5634
1292.5000,2.598160e-05,1.308960e+06,5639
1297.5000,2.599762e-05,1.314150e+06,5625
1302.5000,2.601365e-05,1.287700e+06,5660
1307.5000,2.602907e-05,1.292870e+06,5667
1312.5000,2.604560e-05,1.306600e+06,5654
1317.5000,2.606131e-05,1.279960e+06,5705
1322.5000,2.607790e-05,1.303700e+06,5696
1327.5000,2.609404e-05,1.299060e+06,5683
1332.5000,2.611025e-05,1.311910e+06,5733
1337.5000,2.612705e-05,1.306680e+06,5715
1342.5000,2.614361e-05,1.320430e+06,5720
1347.5000,2.616007e-05,1.307630e+06,5760
1352.5000,2.617737e-05,1.317040e+06,5763
1357.5000,2.619426e-05,1.318910e+06,5775
1362.5000,2.621107e-05,1.316800e+06,5771
1367.5000,2.622861e-05,1.312350e+06,5801
1372.5000,2.624547e-05,1.304900e+06,5784
1377.5000,2.626189e-05,1.311440e+06,5834
1382.5000,2.627970e-05,1.315400e+06,5814
1387.5000,2.629745e-05,1.306900e+06,5825
1392.5000,2.631465e-05,1.314020e+06,5835
1397.5000,2.633177e-05,1.307760e+06,5884
1402.5000,2.634927e-05,1.316200e+06,5891
1407.5000,2.636777e-05,1.316730e+06,5869
1412.5000,2.638507e-05,1.295620e+06,5889
1417.5000,2.640275e-05,1.324270e+06,5892
1422.5000,2.642067e-05,1.311820e+06,5924
1427.5000,2.643885e-05,1.332510e+06,5922
1432.5000,2.645700e-05,1.317940e+06,5947
1437.5000,2.647552e-05,1.325400e+06,5951
1442.5000,2.649394e-05,1.334270e+06,5957
1447.5000,2.651248e-05,1.346200e+06,5977
1452.5000,2.653123e-05,1.317780e+06,5989
1457.5000,2.655020e-05,1.325910e+06,5993
1462.5000,2.656864e-05,1.335700e+06,6014
1467.5000,2.658787e-05,1.322290e+06,6019
1472.5000,2.660648e-05,1.340690e+06,6037
1477.5000,2.662594e-05,1.333070e+06,6049
1482.5000,2.664548e-05,1.331280e+06,6060
1487.5000,2.666450e-05,1.330830e+06,6065
1492.5000,2.668419e-05,1.330810e+06,6090
1497.5000,2.670337e-05,1.328220e+06,6086
1502.5000,2.672293e-05,1.352280e+06,6097
1507.5000,2.674351e-05,1.359850e+06,6140
1512.5000,2.676338e-05,1.354480e+06,6139
1517.5000,2.678369e-05,1.347340e+06,6149
1522.5000,2.680321e-05,1.346280e+06,6157
1527.5000,2.682435e-05,1.361680e+06,6193
1532.5000,2.684475e-05,1.341010e+06,6169
1537.5000,2.686479e-05,1.350900e+06,6190
1542.5000,2.688593e-05,1.318190e+06,6232
1547.5000,2.690590e-05,1.328350e+06,6221
1552.5000,2.692649e-05,1.341610e+06,6223
1557.5000,2.694704e-05,1.354810e+06,6258
1562.5000,2.696850e-05,1.341480e+06,6287
1567.5000,2.698919e-05,1.325740e+06,6261
1572.5000,2.701039e-05,1.344530e+06,6285
1577.5000,2.703189e-05,1.349380e+06,6322
1582.5000,2.705311e-05,1.354940e+06,6300
1587.5000,2.707476e-05,1.369490e+06,6351
1592.5000,2.709724e-05,1.365610e+06,6339
1597.5000,2.711829e-05,1.355630e+06,6364
1602.5000,2.714133e-05,1.349350e+06,6389
1607.5000,2.716239e-05,1.373270e+06,6357
1612.5000,2.718607e-05,1.375030e+06,6422
1617.5000,2.720777e-05,1.375740e+06,6408
1622.5000,2.723100e-05,1.351560e+06,6427
1627.5000,2.725332e-05,1.345170e+06,6452
1632.5000,2.727526e-05,1.364650e+06,6466
1637.5000,2.729916e-05,1.376910e+06,6481
1642.5000,2.732158e-05,1.372460e+06,6476
1647.5000,2.734577e-05,1.366750e+06,6511
1652.5000,2.736871e-05,1.372590e+06,6525
1657.5000,2.739192e-05,1.370340e+06,6505
1662.5000,2.741571e-05,1.337040e+06,6581
1667.5000,2.743889e-05,1.365300e+06,6540
1672.5000,2.746283e-05,1.367250e+06,6587
1677.5000,2.748692e-05,1.364560e+06,6585
1682.5000,2.751081e-05,1.375390e+06,6616
1687.5000,2.753556e-05,1.402810e+06,6620
1692.5000,2.756021e-05,1.372690e+06,6635
1697.5000,2.758460e-05,1.382340e+06,6647
1702.5000,2.760982e-05,1.404670e+06,6682
1707.5000,2.763464e-05,1.369300e+06,6670
1712.5000,2.766029e-05,1.388010e+06,6686
1717.5000,2.768546e-05,1.399750e+06,6741
1722.5000,2.771126e-05,1.384200e+06,6736
1727.5000,2.773617e-05,1.389390e+06,6743
1732.5000,2.776295e-05,1.381350e+06,6761
1737.5000,2.778760e-05,1.391420e+06,6767
1742.5000,2.781436e-05,1.384190e+06,6795
1747.5000,2.784094e-05,1.397620e+06,6818
1752.5000,2.786684e-05,1.392090e+06,6844
1757.5000,2.789390e-05,1.396100e+06,6847
1762.5000,2.792040e-05,1.399550e+06,6845
1767.5000,2.794711e-05,1.387910e+06,6876
1772.5000,2.797384e-05,1.400600e+06,6914
1777.5000,2.800208e-05,1.420590e+06,6909
1782.5000,2.802941e-05,1.393720e+06,6933
1787.5000,2.805717e-05,1.395410e+06,6930
1792.5000,2.808468e-05,1.405320e+06,6970
1797.5000,2.811261e-05,1.405070e+06,6971
1802.5000,2.814090e-05,1.391990e+06,6995
1807.5000,2.816893e-05,1.393900e+06,7025
1812.5000,2.819779e-05,1.408570e+06,7035
1817.5000,2.822570e-05,1.402730e+06,7037
1822.5000,2.825444e-05,1.413300e+06,7070
1827.5000,2.828397e-05,1.406150e+06,7088
1832.5000,2.831308e-05,1.432030e+06,7119
1837.5000,2.834307e-05,1.410630e+06,7131
1842.5000,2.837274e-05,1.407450e+06,7131
1847.5000,2.840251e-05,1.416200e+06,7161
1852.5000,2.843257e-05,1.416410e+06,7183
1857.5000,2.846225e-05,1.405610e+06,7179
1862.5000,2.849258e-05,1.397580e+06,7223
1867.5000,2.852331e-05,1.434860e+06,7244
1872.5000,2.855442e-05,1.417410e+06,7245
1877.5000,2.858544e-05,1.428860e+06,7268
1882.5000,2.861679e-05,1.417950e+06,7280
1887.5000,2.864799e-05,1.438450e+06,7332
1892.5000,2.868000e-05,1.441670e+06,7314
1897.5000,2.871264e-05,1.442970e+06,7336
1902.5000,2.874502e-05,1.429690e+06,7394
1907.5000,2.877688e-05,1.434990e+06,7367
1912.5000,2.880964e-05,1.442470e+06,7418
1917.5000,2.884360e-05,1.461200e+06,7425
1922.5000,2.887685e-05,1.459410e+06,7441
1927.5000,2.891031e-05,1.439520e+06,7471
1932.5000,2.894449e-05,1.459640e+06,7509
1937.5000,2.897834e-05,1.462400e+06,7494
1942.5000,2.901295e-05,1.454340e+06,7536
1947.5000,2.904807e-05,1.469330e+06,7553
1952.5000,2.908323e-05,1.470720e+06,7581
1957.5000,2.911780e-05,1.472190e+06,7589
1962.5000,2.915413e-05,1.451620e+06,7605
1967.5000,2.918992e-05,1.467320e+06,7644
1972.5000,2.922507e-05,1.472310e+06,7667
1977.5000,2.926192e-05,1.484220e+06,7680
1982.5000,2.929846e-05,1.469160e+06,7712
1987.5000,2.933547e-05,1.458510e+06,7720
1992.5000,2.937174e-05,1.472260e+06,7749
1997.5000,2.940971e-05,1.459650e+06,7764
2002.5000,2.944614e-05,1.478520e+06,7820
2007.5000,2.948476e-05,1.464290e+06,7807
2012.5000,2.952164e-05,1.463640e+06,7834
2017.5000,2.956057e-05,1.493170e+06,7887
2022.5000,2.959982e-05,1.477870e+06,7871
2027.5000,2.963840e-05,1.487680e+06,7899
2032.5000,2.967709e-05,1.468170e+06,7931
2037.5000,2.971737e-05,1.469800e+06,7944
2042.5000,2.975669e-05,1.492740e+06,7996
2047.5000,2.979692e-05,1.490040e+06,7993
2052.5000,2.983728e-05,1.492970e+06,8035
2057.5000,2.987891e-05,1.514470e+06,8057
2062.5000,2.992029e-05,1.484570e+06,8085
2067.5000,2.996100e-05,1.503620e+06,8099
2072.5000,3.000381e-05,1.502960e+06,8132
2077.5000,3.004539e-05,1.502960e+06,8159
2082.5000,3.008895e-05,1.508620e+06,8188
2087.5000,3.013121e-05,1.509130e+06,8198
2092.5000,3.017539e-05,1.503640e+06,8233
2097.5000,3.021883e-05,1.523090e+06,8267
2102.5000,3.026264e-05,1.498360e+06,8272
2107.5000,3.030688e-05,1.525570e+06,8311
2112.5000,3.035288e-05,1.527040e+06,8335
2117.5000,3.039761e-05,1.533000e+06,8377
2122.5000,3.044338e-05,1.527210e+06,8372
2127.5000,3.048978e-05,1.516220e+06,8429
2132.5000,3.053625e-05,1.548990e+06,8438
2137.5000,3.058296e-05,1.532770e+06,8491
2142.5000,3.063041e-05,1.510760e+06,8502
2147.5000,3.067798e-05,1.537100e+06,8533
2152.5000,3.072598e-05,1.540410e+06,8534
2157.5000,3.077380e-05,1.559020e+06,8625
2162.5000,3.082474e-05,1.554940e+06,8614
2167.5000,3.087373e-05,1.545740e+06,8636
2172.5000,3.092354e-05,1.551590e+06,8690
2177.5000,3.097353e-05,1.567940e+06,8700
2182.5000,3.102552e-05,1.562140e+06,8722
2187.5000,3.107686e-05,1.556500e+06,8792
2192.5000,3.112898e-05,1.557830e+06,8795
2197.5000,3.118016e-05,1.568940e+06,8827
2202.5000,3.123319e-05,1.553220e+06,8856
2207.5000,3.128615e-05,1.539720e+06,8880
2212.5000,3.133947e-05,1.578310e+06,8950
2217.5000,3.139329e-05,1.570030e+06,8970
2222.5000,3.144893e-05,1.573790e+06,8986
2227.5000,3.150331e-05,1.580950e+06,9022
2232.5000,3.155961e-05,1.577520e+06,9039
2237.5000,3.161560e-05,1.575330e+06,9076
2242.5000,3.167250e-05,1.595910e+06,9136
2247.5000,3.173063e-05,1.599750e+06,9153
2252.5000,3.178783e-05,1.592620e+06,9181
2257.5000,3.184768e-05,1.595120e+06,9233
2262.5000,3.190577e-05,1.585370e+06,9234
2267.5000,3.196569e-05,1.613510e+06,9313
2272.5000,3.202569e-05,1.586370e+06,9326
2277.5000,3.208606e-05,1.601080e+06,9362
2282.5000,3.214812e-05,1.615820e+06,9423
2287.5000,3.221037e-05,1.600360e+06,9418
2292.5000,3.227196e-05,1.606160e+06,9463
2297.5000,3.233638e-05,1.626760e+06,9517
2302.5000,3.240017e-05,1.603690e+06,9531
2307.5000,3.246448e-05,1.617340e+06,9617
2312.5000,3.252977e-05,1.618730e+06,9611
2317.5000,3.259562e-05,1.623710e+06,9683
2322.5000,3.266223e-05,1.622680e+06,9686
2327.5000,3.272939e-05,1.651410e+06,9746
2332.5000,3.279775e-05,1.635520e+06,9780
2337.5000,3.286758e-05,1.633700e+06,9804
2342.5000,3.293647e-05,1.672050e+06,9873
2347.5000,3.300796e-05,1.633200e+06,9916
2352.5000,3.307945e-05,1.661390e+06,9936
2357.5000,3.315229e-05,1.670350e+06,9991
2362.5000,3.322320e-05,1.648210e+06,10014
2367.5000,3.330022e-05,1.673050e+06,10091
2372.5000,3.337156e-05,1.663000e+06,10109
2377.5000,3.345027e-05,1.687290e+06,10167
2382.5000,3.352596e-05,1.680780e+06,10206
2387.5000,3.360291e-05,1.673670e+06,10239
2392.5000,3.368216e-05,1.697350e+06,10307
2397.5000,3.376109e-05,1.681000e+06,10346
2402.5000,3.384168e-05,1.678500e+06,10384
2407.5000,3.392099e-05,1.698120e+06,10432
2412.5000,3.400403e-05,1.701720e+06,10493
2417.5000,3.408610e-05,1.709470e+06,10524
2422.5000,3.417171e-05,1.721410e+06,10575
2427.5000,3.425722e-05,1.722820e+06,10647
2432.5000,3.434416e-05,1.713470e+06,10679
2437.5000,3.443023e-05,1.714850e+06,10725
2442.5000,3.451915e-05,1.726360e+06,10779
2447.5000,3.460858e-05,1.741630e+06,10851
2452.5000,3.470012e-05,1.739950e+06,10867
2457.5000,3.479129e-05,1.741370e+06,10960
2462.5000,3.488511e-05,1.724520e+06,10985
2467.5000,3.497958e-05,1.739820e+06,11038
2472.5000,3.507300e-05,1.744600e+06,11104
2477.5000,3.517108e-05,1.756380e+06,11153
2482.5000,3.526791e-05,1.760780e+06,11213
2487.5000,3.536856e-05,1.770930e+06,11295
2492.5000,3.546838e-05,1.777720e+06,11338
2497.5000,3.557145e-05,1.765480e+06,11397
2502.5000,3.567405e-05,1.780010e+06,11435
2507.5000,3.578045e-05,1.798470e+06,11512
2512.5000,3.588686e-05,1.798650e+06,11571
2517.5000,3.599670e-05,1.820170e+06,11621
2522.5000,3.610689e-05,1.804520e+06,11706
2527.5000,3.621660e-05,1.804620e+06,11756
2532.5000,3.632986e-05,1.821470e+06,11833
2537.5000,3.644684e-05,1.828690e+06,11896
2542.5000,3.656163e-05,1.809380e+06,11954
2547.5000,3.667891e-05,1.825290e+06,12030
2552.5000,3.680194e-05,1.835700e+06,12104
2557.5000,3.691916e-05,1.846220e+06,12170
2562.5000,3.704586e-05,1.856490e+06,12243
2567.5000,3.717262e-05,1.853450e+06,12296
2572.5000,3.729725e-05,1.857180e+06,12388
2577.5000,3.743039e-05,1.887430e+06,12453
2582.5000,3.756242e-05,1.876400e+06,12536
2587.5000,3.769723e-05,1.880690e+06,12603
2592.5000,3.783226e-05,1.888520e+06,12678
2597.5000,3.796967e-05,1.905140e+06,12786
2602.5000,3.811461e-05,1.911550e+06,12848
2607.5000,3.825527e-05,1.913300e+06,12944
2612.5000,3.840702e-05,1.930760e+06,12997
2617.5000,3.855145e-05,1.936110e+06,13100
2622.5000,3.870487e-05,1.934380e+06,13190
2627.5000,3.886200e-05,1.945400e+06,13256
2632.5000,3.901696e-05,1.963490e+06,13388
2637.5000,3.917766e-05,1.941820e+06,13437
2642.5000,3.934061e-05,1.980790e+06,13556
2647.5000,3.950708e-05,1.970870e+06,13652
2652.5000,3.967594e-05,1.979780e+06,13732
2657.5000,3.984936e-05,1.981530e+06,13835
2662.5000,4.002276e-05,2.010420e+06,13943
2667.5000,4.020642e-05,2.009220e+06,14028
2672.5000,4.038451e-05,2.015640e+06,14168
2677.5000,4.057483e-05,2.018300e+06,14244
2682.5000,4.076425e-05,2.054800e+06,14360
2687.5000,4.095926e-05,2.058140e+06,14465
2692.5000,4.116063e-05,2.055230e+06,14574
2697.5000,4.136356e-05,2.071740e+06,14698
2702.5000,4.157212e-05,2.093310e+06,14819
2707.5000,4.178551e-05,2.094190e+06,14926
2712.5000,4.200410e-05,2.103430e+06,15066
2717.5000,4.222676e-05,2.131250e+06,15187
2722.5000,4.245665e-05,2.130180e+06,15310
2727.5000,4.268939e-05,2.111740e+06,15450
2732.5000,4.292478e-05,2.134570e+06,15594
2737.5000,4.317125e-05,2.160370e+06,15718
2742.5000,4.341822e-05,2.170080e+06,15852
2747.5000,4.367764e-05,2.188310e+06,16006
2752.5000,4.394214e-05,2.208090e+06,16142
2757.5000,4.421306e-05,2.216760e+06,16324
2762.5000,4.449005e-05,2.210320e+06,16439
2767.5000,4.477635e-05,2.213790e+06,16636
2772.5000,4.506870e-05,2.255340e+06,16792
2777.5000,4.537001e-05,2.254320e+06,16966
2782.5000,4.567815e-05,2.269920e+06,17115
2787.5000,4.599806e-05,2.297300e+06,17316
2792.5000,4.632535e-05,2.315430e+06,17485
2797.5000,4.666324e-05,2.344590e+06,17682
2802.5000,4.701921e-05,2.343530e+06,17883
2807.5000,4.737870e-05,2.363180e+06,18071
2812.5000,4.775089e-05,2.380480e+06,18278
2817.5000,4.813555e-05,2.395190e+06,18507
2822.5000,4.853372e-05,2.407460e+06,18725
2827.5000,4.894690e-05,2.445810e+06,18955
2832.5000,4.937344e-05,2.463240e+06,19192
2837.5000,4.981787e-05,2.480960e+06,19437
2842.5000,5.028124e-05,2.496290e+06,19693
2847.5000,5.075951e-05,2.526340e+06,19949
2852.5000,5.126380e-05,2.545130e+06,20212
2857.5000,5.178016e-05,2.583340e+06,20529
2862.5000,5.233282e-05,2.606367e+06,20811
2867.5000,5.289412e-05,2.615533e+06,21128
2872.5000,5.349926e-05,2.646366e+06,21441
2877.5000,5.411595e-05,2.694667e+06,21781
2882.5000,5.477881e-05,2.707934e+06,22127
2887.5000,5.547341e-05,2.736615e+06,22509
2892.5000,5.621237e-05,2.780644e+06,22894
2897.5000,5.699793e-05,2.819182e+06,23337
2902.5000,5.783377e-05,2.854748e+06,23725
2907.5000,5.874394e-05,2.889506e+06,24180
2912.5000,5.973080e-05,2.940203e+06,24707
2917.5000,6.084417e-05,2.987635e+06,25252
2922.5000,6.220489e-05,3.007075e+06,25763
2927.5000,6.500458e-05,3.092813e+06,26503
2932.5000,7.377119e-05,3.115901e+06,27061
2937.5000,6.578688e-05,3.179627e+06,27613
2942.5000,6.824459e-05,3.237116e+06,28392
2947.5000,7.908184e-05,3.298852e+06,29345
2952.5000,8.052953e-05,3.351571e+06,30095
2957.5000,8.246312e-05,3.414106e+06,31015
2962.5000,8.385846e-05,3.491889e+06,31899
2967.5000,7.782094e-05,3.561161e+06,32877
2972.5000,9.870069e-05,3.640783e+06,34677
2977.5000,1.094541e-04,3.719908e+06,36132
2982.5000,1.175906e-04,3.802070e+06,37484
2987.5000,1.108410e-04,3.863025e+06,39020
2992.5000,1.504222e-04,3.901954e+06,41544
2997.5000,1.776503e-04,3.954708e+06,44414
3002.5000,1.910998e-04,3.979310e+06,46036
3007.5000,2.170364e-04,3.958692e+06,47861
3012.5000,2.150505e-04,3.971731e+06,50421
3017.5000,3.028206e-04,3.883112e+06,53223
3022.5000,3.116613e-04,3.803784e+06,53553
3027.5000,3.197272e-04,3.690838e+06,53232
3032.5000,2.852816e-04,3.591903e+06,52876
3037.5000,3.720935e-04,3.437886e+06,55975
3042.5000,3.755435e-04,3.275839e+06,55893
3047.5000,4.199694e-04,3.036308e+06,54912
3052.5000,4.666621e-04,2.808619e+06,54104
3057.5000,4.079397e-04,2.559870e+06,48892
3062.5000,5.052748e-04,2.317760e+06,49314
3067.5000,5.161746e-04,2.043371e+06,45314
3072.5000,5.218588e-04,1.787388e+06,40842
3077.5000,5.263322e-04,1.540379e+06,36643
3082.5000,5.897811e-04,1.304216e+06,33043
3087.5000,5.732983e-04,1.105731e+06,29778
3092.5000,6.540865e-04,8.828393e+05,25293
3097.5000,6.069621e-04,7.219913e+05,21428
3102.5000,7.546881e-04,5.472680e+05,18894
3107.5000,7.655195e-04,3.940127e+05,12628
3112.5000,5.771675e-04,3.038623e+05,8120
3117.5000,6.636850e-04,2.452952e+05,7166
3122.5000,4.939943e-04,2.001047e+05,5376
3127.5000,7.835577e-04,1.572256e+05,5844
3132.5000,8.054740e-04,1.056232e+05,3839
3137.5000,6.603681e-04,7.727301e+04,2237
3142.5000,6.146638e-04,6.127920e+04,1682
3147.5000,4.009932e-04,5.247470e+04,1522
3152.5000,8.165834e-04,3.810409e+04,1781
3157.5000,1.149430e-03,2.065928e+04,1346
3162.5000,1.967765e-04,8.985000e+03,198
3167.5000,9.173424e-04,7.922200e+03,373
3172.5000,1.768127e-04,4.457000e+03,95
3177.5000,2.383598e-04,4.387000e+03,134
3182.5000,1.159448e-03,2.611900e+03,276
